{"cameraMode":{"drawMode":0,"name":"Shaded","section":"Shading Mode"},"sceneLighting":true,"audioPlay":false,"sceneViewState":{"showFog":false,"showMaterialUpdate":false,"showSkybox":false,"showFlares":false,"showImageEffects":false,"showParticleSystems":false},"in2DMode":false,"pivot":{"x":13.38787841796875,"y":-3.3125057220458986,"z":29.36711883544922},"rotation":{"x":-0.14437226951122285,"y":0.5123083591461182,"z":-0.0878400206565857,"w":-0.8420137166976929},"size":18.38912010192871,"orthographic":false}