{"cameraMode":{"drawMode":0,"name":"Shaded","section":"Shading Mode"},"sceneLighting":false,"audioPlay":false,"sceneViewState":{"showFog":false,"showMaterialUpdate":false,"showSkybox":false,"showFlares":false,"showImageEffects":false,"showParticleSystems":false,"showVisualEffectGraphs":true,"m_FxEnabled":true},"in2DMode":false,"pivot":{"x":0.1635456085205078,"y":0.4697393774986267,"z":-0.30838412046432497},"rotation":{"x":-0.029271433129906656,"y":0.9507189989089966,"z":-0.09472665190696717,"w":-0.29377856850624087},"size":0.7861603498458862,"orthographic":false}